name;;;,
Kostreva, Victoria;;;
Herrera, Roberto;;;
el-Azimi, Mawzoona;;;
Stroup, Isaiah;;;
al-Sader, Faaid;;;
el-Mansouri, Naqiyya;;;
Sun, Mary;;;
Vue, Kevin;;;
Hairston, Jacob;;;
el-Kamara, Aaish;;;
Jacobs, Tyrus;;;
Wilmore, John;;;
al-Bey, Hamda;;;
Gayle, Breanna;;;
Pavisook, Christopher;;;
Mora, Jessica;;;
Hemphill, Cassandra;;;
al-Yassin, Bishr;;;
Martin, Tobias;;;
Abeyta, Jasmin;;;
Garduno, Tronson;;;
Welsh, Timothy;;;
Brock, Thai;;;
Gonzalez, Magali;;;
Chabolla, Derick;;;
Filla, Jourdan;;;
Tekumalla, Monique;;;
Vang, Rose;;;
Angel, Dominic;;;
Grantz, Cody;;;
Singh, Thomas;;;
Olivera Vilchez, Jeanni;;;
Ghale, Heidi;;;
Gilpatric, Savannah;;;
Quarles, Joseph;;;
Palacios, Cheyanne;;;
Bosshardt, Kaitlin;;;
Sells, Shaquilla;;;
Lang, Matthew;;;
Nguyen, Shannon;;;
Park, Thuanh;;;
Pennywell, Marrika;;;
Maestas, Francesco;;;
Corona, Donovan;;;
Stafford, Ke'Ahsha;;;
Flores, Leslie;;;
Villalobos, Juan De Jesus;;;
Belmonte, Alexander;;;
Wilson, Jessica;;;
Jacket, Christian;;;
el-Masri, Ishaaq;;;
Hou Hou, Sam;;;
Mcneil, Jessica;;;
Chester, Jordan;;;
Lee, Ryan;;;
Russell, Tre;;;
Macias-Gonzalez, Dakota;;;
Harney, Aerika;;;
al-Ebrahim, Ihaab;;;
Porter, Brandon;;;
Angulo, Darius;;;
el-Firman, Farhat;;;
al-Saleem, Huraira;;;
Garvin, Keaira;;;
Cardoza, Janelle;;;
Lewis, Matia;;;
Chadwick, Brittany;;;
Martinez Flood, Johnny;;;
Yohannes, Tyrone;;;
Duran, Karina;;;
Baca, Alayna;;;
Scott, Sharnell;;;
Wellington, Crystal;;;
Lira, Maria;;;
Clinton, Victoria;;;
Masters, Ashley;;;
Paner, Yuvann;;;
Talley, Brian;;;
el-Younis, Mu'hsina;;;
Hopkins, Maxwell;;;
Session, Samantha;;;
Mahns, Kollin;;;
Palser, Bruno;;;
Mayo, Vincent;;;
el-Rassi, Ahmed;;;
Smith, Tarik;;;
Jones, Allison;;;
Mckeown-Drialo, Khristina;;;
Buchanan, Alexander;;;
Heredia, Rodrick;;;
al-Kazmi, Aadil;;;
Christensen, Amanda;;;
Serdutz, Shazia;;;
Martinez, Madeline;;;
al-Arafat, Sakeena;;;
Robbe, Jeffrey;;;
Trujillo, Austin;;;
Stepisnik-Brown, Joyce;;;
Yoss, Karina;;;
al-Jaffer, Mus'ab;;;
Trent, Anna;;;
Howells, Dominique;;;
Wirsching, Makenzie;;;
el-Naim, Sundus;;;
Garcia, Amber;;;
Romero, Veronica;;;
Teeters, Ethan;;;
Cheung, Siyang;;;
Gorden, Courtney;;;
Gilbert, Rebecca;;;
Owens, Andrew;;;
Femat, Juan;;;
Tomlinson, Lanae;;;
Garcia, Sydney;;;
Harrell, Victoria;;;
Ho, Anita;;;
Rubio, Lily;;;
el-Kamali, Taaha;;;
Jordan, Calynne;;;
Nguyen, Claire;;;
Nguyen, Quyen;;;
Cohen, Amanda;;;
Mccarty, Michael;;;
Davis, Allison;;;
el-Abdulla, Naaifa;;;
Kearns, Ye;;;
Rustemeyer, Lakota;;;
el-Kader, Irfaan;;;
Fifita, Tiffany;;;
Ragona, Angelina;;;
Rivera, Eva;;;
Taylor, Shawn;;;
Rieb, Kiatlin;;;
Tran, Thai;;;
Yorgensen, Kathlynn;;;
al-Laham, Safwaan;;;
Brandenburg, Justin;;;
Cabello, Harley;;;
Chan, Christopher;;;
Mendoza, Victoria;;;
Archuleta, William;;;
Hosan, Joshua;;;
Chavez, Justin;;;
el-Daoud, Mahfooz;;;
Barihe, Rebekah;;;
Carter, Reona;;;
Sanders, Shakiem;;;
Roberts, Luis;;;
Barnhill, Alexander;;;
Keator, Keller;;;
Compton, Terry;;;
al-Hares, Uthmaa N;;;
Houck, Tashaun;;;
Burnsed, Brandon;;;
Mills, Abigail;;;
Vallejos, Deanna;;;
Nieto, Orville;;;
Borrego, Jesus;;;
Meyer, Caitlin;;;
Vasquez, Joseph;;;
el-Hadi, Aamina;;;
Banuelos, Alejandro;;;
Kathrein, Kathryn;;;
Jojola, Ryan;;;
al-Sultana, Kamaal;;;
Gipson, Audrianna;;;
Lewis, Angelo;;;
Gomez, Demetrius;;;
Pacheco, Tennille;;;
Day, Paulina;;;
Rodriguez, Joel;;;
Stewart, Alexandrea;;;
Silva, Joseph;;;
Nguyen, Derrick;;;
Tran, Kylee;;;
al-Rehman, Arwa;;;
Castillo, Denise;;;
Her, Tam Minh;;;
Torres, Kara;;;
Hunter, Preston;;;
al-Ahmadi, Rajab;;;
al-Tamer, Basheer;;;
Clayton, Chandra;;;
Le, Randa;;;
Lang, Jack;;;
Hinton, Alex-Andrea;;;
Mckinney, Malik;;;
Rios, Marcos;;;
Nguyen, Ji;;;
el-Mansour, Tawheeda;;;
Marks, Joreden;;;
Song, Daniel;;;
Manning, Mackenzie;;;
Islamzai, Massouda;;;
Armstrong, Araseli;;;
Harris, Alicia;;;
Sailers, Tabitha;;;
Perez Meza, Michael;;;
Lor, Kevon;;;
Morris, Dakota;;;
